X,Genotype,YieldStability
IA1022,IA1022,806.6216367
LD02-4485,LD02-4485,177.4247426
NE1900,NE1900,458.058251
NE2701,NE2701,90.44289677
NE2801,NE2801,469.3751922
NE2802,NE2802,253.2873765
NE3101,NE3101,164.3181777
NE3201,NE3201,270.7413967
NE3303,NE3303,87.10784353
NE3702,NE3702,293.9961167
NE3801,NE3801,543.123065
U02-242055,U02-242055,286.9259938
U03-100612,U03-100612,582.8560017
U03-260216,U03-260216,180.5563973
U03-300134,U03-300134,94.51697237
U03-825124,U03-825124,565.0462487
U06-103459-223,U06-103459-223,163.5445908
U09-105007,U09-105007,729.7945794
U09-105007-170,U09-105007-170,1267.937887
U09-215057,U09-215057,200.0173353
U09-311114,U09-311114,349.6636291
U09-312115,U09-312115,245.9927077
U11-494100,U11-494100,194.4848612
U11-614093,U11-614093,233.0704572
U11-614119,U11-614119,139.3772956
U11-911079,U11-911079,784.3415975
U11-917032,U11-917032,743.1536433
U11-932035,U11-932035,480.8077384
U13-205434,U13-205434,328.05275
U13-206445,U13-206445,144.3735396
U13-211430,U13-211430,109.505822
U13-213425,U13-213425,490.5222957
U13-214425,U13-214425,142.6473095
U13-216443,U13-216443,126.7957557
U13-218398,U13-218398,158.7804261
U13-218401,U13-218401,138.6963798
U13-218446,U13-218446,72.05083758
U13-220404,U13-220404,1384.777399
U13-220413,U13-220413,309.6336434
U13-221400,U13-221400,414.2909278
U13-223435,U13-223435,266.2079949
U13-224442,U13-224442,98.87579421
U13-225432,U13-225432,161.0839594
U13-226011,U13-226011,160.9554812
U13-228440,U13-228440,234.5368131
U13-229012,U13-229012,314.3332583
U13-230291,U13-230291,228.6074344
U13-230429,U13-230429,525.5685076
U13-230438,U13-230438,98.56025725
U13-231290,U13-231290,308.9286489
U13-231403,U13-231403,310.1035522
U13-231427,U13-231427,315.1515984
U13-232444,U13-232444,117.4190328
U13-233273,U13-233273,922.4610219
U13-233294,U13-233294,55.51089219
U13-233408,U13-233408,282.5644868
U13-233414,U13-233414,105.7122245
U13-234296,U13-234296,477.2373951
U13-235005,U13-235005,77.85602547
U13-235297,U13-235297,202.3149065
U13-602106,U13-602106,462.4951169
U13-602122,U13-602122,186.2743417
U13-602137,U13-602137,330.1812062
U13-603088,U13-603088,207.5050703
U13-603120,U13-603120,435.3969444
U13-603216,U13-603216,153.0903158
U13-604016,U13-604016,152.8565242
U13-604115,U13-604115,197.2789731
U13-604147,U13-604147,376.3443913
U13-605081,U13-605081,491.4112535
U13-605132,U13-605132,164.7724225
U13-606090,U13-606090,133.8551293
U13-607143,U13-607143,223.8693734
U13-608087,U13-608087,389.2343014
U13-609144,U13-609144,181.907895
U13-611085,U13-611085,215.217098
U13-612130,U13-612130,202.6454636
U13-612147,U13-612147,214.2470217
U13-613112,U13-613112,161.5932771
U13-616132,U13-616132,245.0623065
U13-617084,U13-617084,101.1538361
U13-618061,U13-618061,280.005816
U13-618079,U13-618079,82.88922863
U13-902047,U13-902047,695.9351491
U13-902089,U13-902089,276.304808
U13-903074,U13-903074,215.3087981
U13-905082,U13-905082,261.5448367
U13-906030,U13-906030,180.565464
U13-906074,U13-906074,210.9549288
U13-909058,U13-909058,816.902938
U13-910045,U13-910045,330.1910869
U13-910087,U13-910087,182.76462
U13-912032,U13-912032,401.5264364
U13-912085,U13-912085,301.2872975
U13-913077,U13-913077,484.9463683
U13-913086,U13-913086,532.1644693
U13-914042,U13-914042,326.4848766
U13-917082,U13-917082,162.9726383
U13-918042,U13-918042,357.5947565
U13-918089,U13-918089,232.3056426
U13-921070,U13-921070,80.05409627
U13-925069,U13-925069,52.51635793
U13-925078,U13-925078,117.8312983
U13-927078,U13-927078,585.7379231
U13-929070,U13-929070,125.456067
U13-930051,U13-930051,546.101843
U13-934076,U13-934076,110.052498
U13-935082,U13-935082,85.40169554
U14-107005,U14-107005,521.8041384
U14-203298,U14-203298,240.2791079
U14-205233,U14-205233,175.0765144
U14-205256,U14-205256,165.1366786
U14-206321,U14-206321,189.8093769
U14-210237,U14-210237,304.931962
U14-211239,U14-211239,325.1680992
U14-212248,U14-212248,124.6892496
U14-213140,U14-213140,306.7883037
U14-213206,U14-213206,107.881991
U14-216255,U14-216255,306.7782576
U14-216260,U14-216260,102.6498168
U14-218138,U14-218138,145.1875559
U14-218168,U14-218168,207.6612718
U14-218258,U14-218258,246.0829299
U14-221173,U14-221173,69.6307695
U14-221189,U14-221189,176.8855037
U14-221231,U14-221231,385.6926973
U14-224230,U14-224230,148.2598776
U14-225226,U14-225226,369.4306688
U14-225257,U14-225257,226.4069514
U14-227220,U14-227220,157.6872034
U14-227260,U14-227260,348.4963557
U14-230183,U14-230183,342.143287
U14-230252,U14-230252,100.2965754
U14-231259,U14-231259,300.406247
U14-232239,U14-232239,285.0965805
U14-319031,U14-319031,308.7561379
U14-323048,U14-323048,420.8537527
U14-324042,U14-324042,367.9320516
U14-607293,U14-607293,143.3714052
U14-609291,U14-609291,697.1711095
U14-902088,U14-902088,168.5456524
U14-902103,U14-902103,973.8541158
U14-903100,U14-903100,166.8579216
U14-906008,U14-906008,83.23021205
U14-906162,U14-906162,918.5755528
U14-910075,U14-910075,654.7691689
U14-910111,U14-910111,251.033587
U14-914060,U14-914060,766.8328888
U14-915010,U14-915010,335.8184062
U14-915096,U14-915096,95.01700273
U14-915104,U14-915104,983.480305
U14-916019,U14-916019,151.6083617
U14-916043,U14-916043,192.0169689
U14-916082,U14-916082,138.4402335
U14-918069,U14-918069,632.4526111
U14-919098,U14-919098,99.10605602
U14-921091,U14-921091,289.0235488
U14-921163,U14-921163,825.9950453
U14-922036,U14-922036,1877.822066
U14-923082,U14-923082,60.70397673
U14-923087,U14-923087,238.0210238
U14-923094,U14-923094,223.2263444
U14-923097,U14-923097,228.1310299
U14-924051,U14-924051,188.3376089
U14-924149,U14-924149,44.23154369
U14-925137,U14-925137,233.8873346
U14-927136,U14-927136,93.37995788
U14-928036,U14-928036,327.5098428
U14-929136,U14-929136,242.6431718
U15-603161,U15-603161,263.8728955
U15-612270,U15-612270,271.3332021
U15-618021,U15-618021,865.975813
U15-903150,U15-903150,422.0095854
U15-904031,U15-904031,1232.501397
U15-905058,U15-905058,439.2187624
U15-920149,U15-920149,160.718062
U15-922132,U15-922132,98.31642552
U15-927115,U15-927115,319.481308
U15-928039,U15-928039,660.6456985
U15-929008,U15-929008,1106.124484
U15-929129,U15-929129,365.8933719
U15-929143,U15-929143,773.719388
U15-931024,U15-931024,1859.217391
U15-932065,U15-932065,172.9150138
U15-932142,U15-932142,403.3170863